ArticleTitle,Slug,Category,Date,Author,Excerpt,FullContent,MetaKeywords,Image,Status
"Why .com is Still the King of Digital Real Estate in 2026","why-com-dominates-2026","Investment","2026-03-22","DomanID","Discover why .com remains the gold standard for digital assets and how it impacts your business success.","<h2>Introduction</h2><p>In a world of new extensions, .com remains the ultimate authority...</p><h3>Authority and Trust</h3><p>Domains ending in .com provide instant credibility to any brand...</p>","domain investment, .com domains, digital real estate","https://images.pexels.com/photos/160107/pexels-photo-160107.jpeg","posted"
"How to Value a Premium Domain: 5 Professional Metrics","how-to-value-domains","Educational","2026-03-22","DomanID","Learn the 5 key criteria professionals use to evaluate domain names before buying.","<h2>Valuation Criteria</h2><p>Domain valuation isn't random; it depends on keywords, length, and market demand...</p>","domain valuation, domain price, invest in domains","https://images.pexels.com/photos/159888/pexels-photo-159888.jpeg","posted"
"The Ultimate Beginner's Guide to Domain Flipping","domain-flipping-guide-2026","Guide","2026-03-22","DomanID","Everything you need to start your journey in the world of domain trading and sustainable profits.","<h2>Start Today</h2><p>Domain flipping is the digital real estate of the 21st century...</p>","domain trading, make money online","https://images.pexels.com/photos/3184291/pexels-photo-3184291.jpeg","posted"
"The Impact of AI on Brandable Domain Names","ai-impact-on-domain-names","Technology","2026-03-22","DomanID","How has the AI revolution changed the way we choose brand names?","<h2>The AI Revolution</h2><p>AI hasn't just changed software; it has redefined the concept of branding...</p>","AI domains, future of web","https://images.pexels.com/photos/373543/pexels-photo-373543.jpeg","posted"
"SEO Benefits of Exact Match Domains (EMD) in 2026","seo-benefits-of-emd","SEO","2026-03-22","DomanID","Are domains that match keywords still beneficial for SEO in 2026?","<h2>SEO and Domains</h2><p>Google loves specialized content, and an exact-match domain makes it easier for engines to understand your niche...</p>","domain SEO, search engine optimization","https://images.pexels.com/photos/270632/pexels-photo-270632.jpeg","posted"
"10 Most Expensive Domains Ever Sold and What We Can Learn","most-expensive-domains-history","Analysis","2026-03-22","DomanID","A look at the most successful domain sales in history and the lessons for investors.","<h2>Success Stories</h2><p>From Voice.com to Sex.com, these sales show the incredible upside of premium assets...</p>","expensive domains, domain investment","https://images.pexels.com/photos/164501/pexels-photo-164501.jpeg","posted"
"How to Negotiate Like a Pro for Your Dream Domain","domain-negotiation-tips","Tips","2026-03-22","DomanID","5 golden tips for negotiating with domain owners to get the best deal.","<h2>Mastering Negotiation</h2><p>Negotiation starts with the power of knowledge; know the domain's value before you offer...</p>","domain negotiation, buy domain","https://images.pexels.com/photos/3184418/pexels-photo-3184418.jpeg","posted"
"Why Investors Love 3-Letter .com Domains","short-domain-names-value","Analysis","2026-03-22","DomanID","An analysis of why short, 3-letter domains never lose their value and remain a safe bet.","<h2>Scarcity is Key</h2><p>3-letter .com domains are extremely limited and no more will ever be produced...</p>","short domains, safe investment","https://images.pexels.com/photos/47047/gold-ingots-golden-treasure-47047.jpeg","posted"
"How to Profit from Domain Parking","domain-parking-revenue-guide","Revenue","2026-03-22","DomanID","Make your domains earn passive income while you wait for the right buyer.","<h2>Passive Income</h2><p>Domain parking allows you to display ads on your domain and earn from clicks...</p>","domain parking, passive income","https://images.pexels.com/photos/1004665/pexels-photo-1004665.jpeg","posted"
"The Future of Niche-Specific Extensions (gTLDs)","future-of-gtlds","Analysis","2026-03-22","DomanID","Analytical view on the growth of .ai, .io, and other niche extensions in the global market.","<h2>Beyond .com</h2><p>While .com is king, the rise of tech-specific niches has created new opportunities...</p>","niche domains, .ai domains","https://images.pexels.com/photos/3183150/pexels-photo-3183150.jpeg","posted"
